,id,first_name,middle_name,last_name,email,uni,employee_type,auto_id
0,103e6a74-a882-11ec-a3ad-edb7cbd2bb34,Sanders,Arline,Breckell,abreckell1x@fotki.com,SAB1,Professor,192
1,103f2a54-a882-11ec-a3ad-edb7cbd2bb34,Ethelin,,Fidele,afidele12@google.ru,EF1,Lecturer,193
2,103fa696-a882-11ec-a3ad-edb7cbd2bb34,Xenia,Ardella,Kief,akieft@free.fr,XAK1,Staff,194
3,103fe1ec-a882-11ec-a3ad-edb7cbd2bb34,Cari,Andriana,Leask,aleask1n@devhub.com,CAL1,Lecturer,195
4,10409f88-a882-11ec-a3ad-edb7cbd2bb34,Lemmy,Burr,Bradnocke,bbradnockek@nifty.com,LBB1,Lecturer,196
5,10411828-a882-11ec-a3ad-edb7cbd2bb34,Sibylle,Bearnard,Lalley,blalley2d@rediff.com,SBL1,Lecturer,197
6,1041cc50-a882-11ec-a3ad-edb7cbd2bb34,Lu,Cinnamon,Flaxman,cflaxman1b@cdbaby.com,LCF1,Lecturer,198
7,1043122c-a882-11ec-a3ad-edb7cbd2bb34,Hobart,Dominic,Croal,dcroalx@purevolume.com,HDC1,Professor,199
8,10434364-a882-11ec-a3ad-edb7cbd2bb34,Marylin,Darcy,Favey,dfavey2p@mozilla.com,MDF1,Staff,200
9,1043a598-a882-11ec-a3ad-edb7cbd2bb34,Ailbert,Danie,Warmisham,dwarmishame@soundcloud.com,ADW1,Staff,201
10,10440c22-a882-11ec-a3ad-edb7cbd2bb34,Karon,,Bree,ebree1z@creativecommons.org,KB1,Professor,202
11,10448a62-a882-11ec-a3ad-edb7cbd2bb34,Maybelle,Esteban,Cella,ecella26@mail.ru,MEC1,Staff,203
12,1044d36e-a882-11ec-a3ad-edb7cbd2bb34,Lelah,Ellette,Fulk,efulk1d@discuz.net,LEF1,Staff,204
13,10471598-a882-11ec-a3ad-edb7cbd2bb34,Gisela,,Blagden,gblagden1q@buzzfeed.com,GB1,Professor,205
14,10479086-a882-11ec-a3ad-edb7cbd2bb34,Niki,Gardiner,Form,gform18@blogger.com,NGF1,Staff,206
15,1047c452-a882-11ec-a3ad-edb7cbd2bb34,Suki,,Hellyar,ghellyar2a@cornell.edu,SH1,Staff,207
16,10486628-a882-11ec-a3ad-edb7cbd2bb34,Carmine,,Tolman,gtolmanr@slideshare.net,CT1,Staff,208
17,10489936-a882-11ec-a3ad-edb7cbd2bb34,Wells,,Yousef,gyousef2r@spotify.com,WY1,Professor,209
18,1049298c-a882-11ec-a3ad-edb7cbd2bb34,Christie,,Siegertsz,hsiegertsz21@instagram.com,CS1,Professor,210
19,10495588-a882-11ec-a3ad-edb7cbd2bb34,Doyle,,Aslin,jaslin24@redcross.org,DA2,Lecturer,211
20,104989f4-a882-11ec-a3ad-edb7cbd2bb34,Robinett,Jami,Charte,jcharte1y@merriam-webster.com,RJC1,Staff,212
21,1049b9f6-a882-11ec-a3ad-edb7cbd2bb34,Olwen,,Hedley,jhedley1m@disqus.com,OH1,Staff,213
22,104a4b96-a882-11ec-a3ad-edb7cbd2bb34,Renae,Jaquith,Plessing,jplessing0@samsung.com,RJP1,Staff,214
23,104ad9e4-a882-11ec-a3ad-edb7cbd2bb34,Lilllie,,Snodin,jsnodin20@princeton.edu,LS1,Lecturer,215
24,104b39de-a882-11ec-a3ad-edb7cbd2bb34,Sayers,Karon,McKnish,kmcknishs@reddit.com,SKM1,Lecturer,216
25,104b6ee0-a882-11ec-a3ad-edb7cbd2bb34,Electra,Krystle,Morfell,kmorfell2g@istockphoto.com,EKM1,Professor,217
26,104b9cda-a882-11ec-a3ad-edb7cbd2bb34,Matthieu,Kalle,Slipper,kslipper2f@nytimes.com,MKS1,Staff,218
27,104bd38a-a882-11ec-a3ad-edb7cbd2bb34,Nadia,,Trehearn,ktrehearn19@tinyurl.com,NT1,Lecturer,219
28,104c009e-a882-11ec-a3ad-edb7cbd2bb34,Clim,,Guislin,lguislin2o@chicagotribune.com,CG1,Professor,220
29,104c5eae-a882-11ec-a3ad-edb7cbd2bb34,Holli,,Henstridge,lhenstridgeh@sogou.com,HH1,Lecturer,221
30,104c902c-a882-11ec-a3ad-edb7cbd2bb34,Meghan,,Kleinschmidt,lkleinschmidtl@squarespace.com,MK2,Lecturer,222
31,104cbcaa-a882-11ec-a3ad-edb7cbd2bb34,Genni,,Purbrick,lpurbrick25@canalblog.com,GP1,Professor,223
32,104ce9c8-a882-11ec-a3ad-edb7cbd2bb34,Bonny,,Scheffel,lscheffel7@taobao.com,BS1,Professor,224
33,104d14ca-a882-11ec-a3ad-edb7cbd2bb34,Mendie,,Tennick,ltennick3@aboutads.info,MT1,Staff,225
34,104d6c04-a882-11ec-a3ad-edb7cbd2bb34,Karole,,Inkin,minkinc@google.de,KI1,Staff,226
35,104dcb9a-a882-11ec-a3ad-edb7cbd2bb34,Kahaleel,Meg,Penzer,mpenzer14@dailymail.co.uk,KMP1,Professor,227
36,104e268a-a882-11ec-a3ad-edb7cbd2bb34,Darrin,Mario,Wynrahame,mwynrahamem@admin.ch,DMW1,Professor,228
37,104e64b0-a882-11ec-a3ad-edb7cbd2bb34,Carey,Maudie,Wyrall,mwyrallj@scientificamerican.com,CMW1,Staff,229
38,104e98ea-a882-11ec-a3ad-edb7cbd2bb34,Jacky,Nydia,Bolles,nbolles23@ucoz.ru,JNB1,Staff,230
39,104ed44a-a882-11ec-a3ad-edb7cbd2bb34,Francene,,MacNeely,nmacneely22@cpanel.net,FM1,Lecturer,231
40,105016e8-a882-11ec-a3ad-edb7cbd2bb34,Bamby,Rubetta,Mabbs,rmabbs4@xing.com,BRM1,Lecturer,232
41,1050566c-a882-11ec-a3ad-edb7cbd2bb34,Ari,Rheta,Sellek,rsellek6@oakley.com,ARS1,Lecturer,233
42,10513686-a882-11ec-a3ad-edb7cbd2bb34,Bettina,Sonya,Higgonet,shiggonet2b@163.com,BSH1,Lecturer,234
43,10516af2-a882-11ec-a3ad-edb7cbd2bb34,Jany,Sherry,Johl,sjohlg@soundcloud.com,JSJ1,Professor,235
44,105199d2-a882-11ec-a3ad-edb7cbd2bb34,Pattie,,Lyles,slyles1j@amazon.de,PL1,Staff,236
45,1051c8d0-a882-11ec-a3ad-edb7cbd2bb34,Kristin,,Malacrida,smalacrida1w@economist.com,KM2,Staff,237
46,1052055c-a882-11ec-a3ad-edb7cbd2bb34,Yehudi,Sile,McColley,smccolleyq@amazon.com,YSM1,Staff,238
47,10525aca-a882-11ec-a3ad-edb7cbd2bb34,Duncan,Shellie,Sillars,ssillars2l@unicef.org,DSS1,Professor,239
48,10531bd6-a882-11ec-a3ad-edb7cbd2bb34,Doug,,Medforth,vmedforth1o@homestead.com,DM3,Staff,240
49,1053a128-a882-11ec-a3ad-edb7cbd2bb34,Sasha,Win,Ruffli,wruffli2q@wordpress.com,SWR1,Lecturer,241
50,d576e3ea-ad03-11ec-a3ad-edb7cbd2bb34,David,,Frasier,df@foo.bar,DF2,Professor,242
51,f2392c4a-ad03-11ec-a3ad-edb7cbd2bb34,David,,Frasier,dxf@foo.bar,DF3,Professor,243
52,18c058a2-ad04-11ec-a3ad-edb7cbd2bb34,David,,Frasier,dffff@foo.bar,DF4,Professor,244
53,5cd5f5c4-ad04-11ec-a3ad-edb7cbd2bb34,David,,Frasier,dxxf@foo.bar,DF5,Professor,245
