,id,first_name,middle_name,last_name,email,uni,enrollment_year,auto_id
0,103edf18-a882-11ec-a3ad-edb7cbd2bb34,Zared,,Fenelon,afenelona@themeforest.net,ZF1,2021,240
1,103f6b22-a882-11ec-a3ad-edb7cbd2bb34,Bibbye,Annabal,Guesford,aguesfordb@tumblr.com,BAG1,2018,241
2,10402f4e-a882-11ec-a3ad-edb7cbd2bb34,Duffy,Auberon,Pounder,apounder2h@reuters.com,DAP1,2017,242
3,10406b1c-a882-11ec-a3ad-edb7cbd2bb34,Base,,Baybutt,bbaybutty@tmall.com,BB1,2021,243
4,1040de26-a882-11ec-a3ad-edb7cbd2bb34,Jenine,Berry,Habberjam,bhabberjam2k@examiner.com,JBH1,2021,244
5,104153d8-a882-11ec-a3ad-edb7cbd2bb34,Reece,Corbett,Caps,ccapsz@telegraph.co.uk,RCC1,2019,245
6,10419168-a882-11ec-a3ad-edb7cbd2bb34,Barry,Cullin,Elias,celias1k@scribd.com,BCE1,2018,246
7,104203d2-a882-11ec-a3ad-edb7cbd2bb34,Kerwin,Conrade,Foort,cfoortw@vinaora.com,KCF1,2020,247
8,1042383e-a882-11ec-a3ad-edb7cbd2bb34,Brigida,Cameron,Maclean,cmaclean13@mac.com,BCM1,2019,248
9,10426bc4-a882-11ec-a3ad-edb7cbd2bb34,Woodrow,Camile,Moughtin,cmoughtin17@illinois.edu,WCM1,2022,249
10,1042a7b0-a882-11ec-a3ad-edb7cbd2bb34,Veronika,Cordey,Simeons,csimeons2@microsoft.com,VCS1,2021,250
11,1042da5a-a882-11ec-a3ad-edb7cbd2bb34,Quent,,Threadgall,cthreadgall1v@booking.com,QT1,2022,251
12,1043741a-a882-11ec-a3ad-edb7cbd2bb34,Kermit,,Glanders,dglanders15@booking.com,KG1,2022,252
13,1043d770-a882-11ec-a3ad-edb7cbd2bb34,Avie,Else,Blissitt,eblissitti@youtu.be,AEB1,2018,253
14,10443e04-a882-11ec-a3ad-edb7cbd2bb34,Dougy,,Burchett,eburchettd@chicagotribune.com,DB1,2022,254
15,10450474-a882-11ec-a3ad-edb7cbd2bb34,Courtnay,Elbert,Gillespie,egillespie2m@slideshare.net,CEG1,2020,255
16,10453412-a882-11ec-a3ad-edb7cbd2bb34,Bank,Elane,Guerola,eguerola29@blogger.com,BEG1,2021,256
17,1045873c-a882-11ec-a3ad-edb7cbd2bb34,Willi,,Kerby,ekerby1p@amazon.com,WK1,2020,257
18,1045bcb6-a882-11ec-a3ad-edb7cbd2bb34,Vincenty,Elisabeth,Marousek,emarousek10@huffingtonpost.com,VEM1,2020,258
19,1045f3b6-a882-11ec-a3ad-edb7cbd2bb34,Charline,Ferd,Hartell,fhartell1@meetup.com,CFH1,2020,259
20,1046276e-a882-11ec-a3ad-edb7cbd2bb34,Vance,,Maffioni,fmaffioni1r@amazon.com,VM1,2020,260
21,10465d56-a882-11ec-a3ad-edb7cbd2bb34,Dyna,Felic,Rozenzweig,frozenzweig2i@rambler.ru,DFR1,2022,261
22,104696ea-a882-11ec-a3ad-edb7cbd2bb34,Granville,Guinevere,Adolphine,gadolphine11@instagram.com,GGA1,2017,262
23,1046e42e-a882-11ec-a3ad-edb7cbd2bb34,Shea,Gail,Bates,gbates1e@alibaba.com,SGB1,2018,263
24,10474608-a882-11ec-a3ad-edb7cbd2bb34,Leann,Gabriellia,Burdas,gburdas1i@indiegogo.com,LGB1,2021,264
25,1047f972-a882-11ec-a3ad-edb7cbd2bb34,Tobiah,Gerek,Offield,goffield1u@addthis.com,TGO1,2020,265
26,10482e38-a882-11ec-a3ad-edb7cbd2bb34,Sada,,Stidson,gstidsonp@ebay.com,SS1,2022,266
27,1048c848-a882-11ec-a3ad-edb7cbd2bb34,Abbey,Helge,Anyene,hanyene2c@newsvine.com,AHA1,2019,267
28,1048f7e6-a882-11ec-a3ad-edb7cbd2bb34,Nickolai,Herby,Reddyhoff,hreddyhoff1g@vk.com,NHR1,2016,268
29,1049ebf6-a882-11ec-a3ad-edb7cbd2bb34,Mal,Jermaine,Issett,jissett2e@freewebs.com,MJI1,2018,269
30,104a1bd0-a882-11ec-a3ad-edb7cbd2bb34,Ira,,Linacre,jlinacreo@webnode.com,IL1,2021,270
31,104a79a4-a882-11ec-a3ad-edb7cbd2bb34,Trix,,Pretswell,jpretswell1h@xrea.com,TP1,2022,271
32,104aa988-a882-11ec-a3ad-edb7cbd2bb34,Winslow,,Scrauniage,jscrauniage28@aol.com,WS1,2017,272
33,104b09a0-a882-11ec-a3ad-edb7cbd2bb34,Dacey,Katuscha,Cranfield,kcranfield1s@nature.com,DKC1,2020,273
34,104c2f92-a882-11ec-a3ad-edb7cbd2bb34,Emili,Lynnet,Haddinton,lhaddintonn@over-blog.com,ELH1,2020,274
35,104d3e78-a882-11ec-a3ad-edb7cbd2bb34,Travis,Melba,Colbourne,mcolbourne2j@mapquest.com,TMC1,2017,275
36,104d974c-a882-11ec-a3ad-edb7cbd2bb34,Lynett,Myrwyn,Ionesco,mionesco2n@moonfruit.com,LMI1,2020,276
37,104df57a-a882-11ec-a3ad-edb7cbd2bb34,Rozelle,,Vigar,mvigar8@vistaprint.com,RV1,2018,277
38,104f0280-a882-11ec-a3ad-edb7cbd2bb34,Levey,Ottilie,Tomlins,otomlins27@icq.com,LOT1,2020,278
39,104f3b38-a882-11ec-a3ad-edb7cbd2bb34,Esra,Richard,Coghlin,rcoghlinv@qq.com,ERC1,2019,279
40,104fdd04-a882-11ec-a3ad-edb7cbd2bb34,Fredek,Raddie,Goudie,rgoudie5@blogs.com,FRG1,2022,280
41,10509348-a882-11ec-a3ad-edb7cbd2bb34,Carroll,,Venables,rvenablesu@friendfeed.com,CV1,2019,281
42,1050c6ce-a882-11ec-a3ad-edb7cbd2bb34,Meridel,Rawley,Willatts,rwillatts1t@si.edu,MRW1,2022,282
43,1050fe00-a882-11ec-a3ad-edb7cbd2bb34,Kearney,Selie,Gino,sgino1l@bluehost.com,KSG1,2016,283
44,10523298-a882-11ec-a3ad-edb7cbd2bb34,Drona,,McKinie,smckinie1a@springer.com,DM2,2018,284
45,1052850e-a882-11ec-a3ad-edb7cbd2bb34,Sterne,Sasha,Spooner,sspooner1f@wordpress.org,SSS1,2020,285
46,1052b75e-a882-11ec-a3ad-edb7cbd2bb34,Nonna,,Gillanders,tgillanders9@example.com,NG2,2021,286
47,1052eb52-a882-11ec-a3ad-edb7cbd2bb34,Norry,,Rubinchik,trubinchik16@howstuffworks.com,NR1,2016,287
48,1053494e-a882-11ec-a3ad-edb7cbd2bb34,Gerty,,O'Donegan,vodoneganf@clickbank.net,GO1,2020,288
49,1053740a-a882-11ec-a3ad-edb7cbd2bb34,Anabelle,Wallas,Quimby,wquimby1c@nba.com,AWQ1,2022,289
50,42519108-abc0-11ec-a3ad-edb7cbd2bb34,Donald,Geoffrey,Fairbanks,gb@mars.gov,DGF1,2022,290
51,8108e824-abc0-11ec-a3ad-edb7cbd2bb34,Douglas,Geoffrey,Fairbanks,gb2@mars.gov,DGF2,2022,291
52,2defeffa-ae24-11ec-a3ad-edb7cbd2bb34,Daffy,,Duck,dd@disney.com,DD1,2020,292
53,79467370-ae24-11ec-a3ad-edb7cbd2bb34,Porky,Bacon,Pig,pp@disney.com,PBP1,2019,293
54,bbe4d5be-ae24-11ec-a3ad-edb7cbd2bb34,Porky,Bacon,Pig,pp2@disney.com,PBP2,2019,294
55,075e4f9c-ae26-11ec-a3ad-edb7cbd2bb34,Bugs,Cool,Bunny,bb@looney.org,BCB1,2017,295
56,897e021a-ae26-11ec-a3ad-edb7cbd2bb34,Yosemite,,Sam,ys@sheriff.org,YS2,2019,296
57,a83de1b6-ae26-11ec-a3ad-edb7cbd2bb34,Yosemite,,Sam,ys11@sheriff.org,YS3,2019,297
